<?xml version="1.0" encoding="UTF-8"?>
<config xmlns="http://www.knime.org/2008/09/XMLConfig" xmlns:xsi="http://www.w3.org/2001/XMLSchema-instance" xsi:schemaLocation="http://www.knime.org/2008/09/XMLConfig http://www.knime.org/XMLConfig_2008_09.xsd" key="model.xml">
<entry key="version" type="xint" value="1"/>
<entry key="class_name" type="xstring" value="org.knime.kafka.port.KafkaConnectorPortSpec"/>
<config key="model">
<entry key="connection-validation-timeout" type="xint" value="1000"/>
<config key="blocked-props">
<entry key="array-size" type="xint" value="34"/>
<entry key="0" type="xstring" value="metric.reporters"/>
<entry key="1" type="xstring" value="metadata.max.age.ms"/>
<entry key="2" type="xstring" value="reconnect.backoff.max.ms"/>
<entry key="3" type="xstring" value="reconnect.backoff.ms"/>
<entry key="4" type="xstring" value="sasl.kerberos.ticket.renew.window.factor"/>
<entry key="5" type="xstring" value="bootstrap.servers"/>
<entry key="6" type="xstring" value="metrics.recording.level"/>
<entry key="7" type="xstring" value="retry.backoff.ms"/>
<entry key="8" type="xstring" value="ssl.secure.random.implementation"/>
<entry key="9" type="xstring" value="sasl.kerberos.kinit.cmd"/>
<entry key="10" type="xstring" value="sasl.kerberos.service.name"/>
<entry key="11" type="xstring" value="sasl.kerberos.ticket.renew.jitter"/>
<entry key="12" type="xstring" value="ssl.keystore.type"/>
<entry key="13" type="xstring" value="ssl.trustmanager.algorithm"/>
<entry key="14" type="xstring" value="sasl.mechanism"/>
<entry key="15" type="xstring" value="ssl.key.password"/>
<entry key="16" type="xstring" value="sasl.jaas.config"/>
<entry key="17" type="xstring" value="sasl.kerberos.min.time.before.relogin"/>
<entry key="18" type="xstring" value="connections.max.idle.ms"/>
<entry key="19" type="xstring" value="ssl.truststore.password"/>
<entry key="20" type="xstring" value="metrics.num.samples"/>
<entry key="21" type="xstring" value="ssl.endpoint.identification.algorithm"/>
<entry key="22" type="xstring" value="ssl.protocol"/>
<entry key="23" type="xstring" value="ssl.provider"/>
<entry key="24" type="xstring" value="ssl.enabled.protocols"/>
<entry key="25" type="xstring" value="ssl.keystore.location"/>
<entry key="26" type="xstring" value="ssl.cipher.suites"/>
<entry key="27" type="xstring" value="ssl.truststore.type"/>
<entry key="28" type="xstring" value="security.protocol"/>
<entry key="29" type="xstring" value="ssl.truststore.location"/>
<entry key="30" type="xstring" value="ssl.keystore.password"/>
<entry key="31" type="xstring" value="ssl.keymanager.algorithm"/>
<entry key="32" type="xstring" value="metrics.sample.window.ms"/>
<entry key="33" type="xstring" value="send.buffer.bytes"/>
</config>
<config key="connection-props">
<entry key="bootstrap.servers" type="xstring" value="localhost:9092"/>
</config>
</config>
</config>
